2018-09-12 23:50:15,"RT @IamJamilulFikri: Betul orang kata, siapa alumni Kuis mesti akan rindu suasana Kuis. Masjid dan majlis ilmu yang sentiasa hidup dan paliâ€¦",Twitter for Android
2018-09-12 13:06:09,"RT @IamJamilulFikri: Betul orang kata, siapa alumni Kuis mesti akan rindu suasana Kuis. Masjid dan majlis ilmu yang sentiasa hidup dan paliâ€¦",Twitter for Android
2018-09-12 05:04:50,"#AlumniKUIS
@unimalaya https://t.co/c5AZGerMpz",Twitter for Android
2018-09-12 04:53:00,#AlumniKUIS,Twitter for Android
2018-09-11 12:40:47,"RT @IamJamilulFikri: Betul orang kata, siapa alumni Kuis mesti akan rindu suasana Kuis. Masjid dan majlis ilmu yang sentiasa hidup dan paliâ€¦",Twitter for iPhone
2018-09-11 12:30:22,"RT @IamJamilulFikri: Betul orang kata, siapa alumni Kuis mesti akan rindu suasana Kuis. Masjid dan majlis ilmu yang sentiasa hidup dan paliâ€¦",Twitter for Android
2018-09-11 11:28:59,"RT @IamJamilulFikri: Betul orang kata, siapa alumni Kuis mesti akan rindu suasana Kuis. Masjid dan majlis ilmu yang sentiasa hidup dan paliâ€¦",Twitter for Android
2018-09-11 10:48:03,"RT @IamJamilulFikri: Betul orang kata, siapa alumni Kuis mesti akan rindu suasana Kuis. Masjid dan majlis ilmu yang sentiasa hidup dan paliâ€¦",Twitter for Android
2018-09-11 10:13:49,"RT @IamJamilulFikri: Betul orang kata, siapa alumni Kuis mesti akan rindu suasana Kuis. Masjid dan majlis ilmu yang sentiasa hidup dan paliâ€¦",Twitter for Android
2018-09-11 08:53:42,"Betul orang kata, siapa alumni Kuis mesti akan rindu suasana Kuis. Masjid dan majlis ilmu yang sentiasa hidup dan pâ€¦ https://t.co/n4hwt5901D",Twitter for Android
2018-08-12 14:33:06,"More pics to spam but one by one
Bcoz for me every single pics have the own story... 11.8.2018
#KUISCONVOCATION21â€¦ https://t.co/ebr5clEMwb",Twitter for Android
2018-07-27 13:55:53,"Kecik bukan sebarang kecik, kecik #daiadam luar biasa.
Mashaallah hebat kisah perjuangan malam ni
#daiTV3 #daiadam #alumnikuis",Twitter for iPhone
2018-07-27 13:47:29,"Moga lancar untuk persembahan #daiadam malam ni.
#daiTV3 #alumnikuis https://t.co/aJBNa3dbLI",Twitter for iPhone
2018-07-20 07:53:00,"ICT Professional Services by #FSTMKUIS - Web Design with Adobe Muse, trainer Harussani #alumniKUIS

Tahniah semua pâ€¦ https://t.co/jUDJXZIcfr",Instagram
2018-07-20 03:29:14,"ICT Professional Services by #FSTMKUIS - Web Design with Adobe Muse, trainer Harussani #alumniKUIS @ Kuiscell https://t.co/WqtK3LQlox",Instagram
2018-06-17 08:15:44,"RT @IamJamilulFikri: Cliche cerita Melayu ni kalau jadi ustaz mesti baru balik dari Mesir, Jordan dan Tanah Arab yg lain

Apa ingat U kat Mâ€¦",Twitter for Android
2018-06-17 03:51:11,"Cliche cerita Melayu ni kalau jadi ustaz mesti baru balik dari Mesir, Jordan dan Tanah Arab yg lain

Apa ingat U kaâ€¦ https://t.co/9PxzdzR7VH",Twitter for Android
2018-09-17 00:32:05,"Tomorrow gonna be the hard day for IIUCS Student. Pray for Me and My Friends for this second year of final examğŸ’ª
Thanks ğŸ˜Š",Twitter for Android
2018-09-11 10:13:05,"RT @Satoshi68k: ã©ã‚“å…µè¡›ä½œã£ã¦ã‚‹é€”ä¸­ã«ãƒã‚­ãƒ³ãƒ©ãƒ¼ãƒ¡ãƒ³ã‚’è¿½åŠ æŠ•å…¥ã™ã‚‹ãƒ˜ãƒ«ã‚·ãƒ¼ãƒ•ãƒ¼ãƒ‰ã®æ¤œè¨¼ã€‚
ã‚«ã‚¸ãƒ¥ã‚¢ãƒ«ã«ãƒ­ã‚±ãƒ†ã¨ã„ã†åã®äººä½“å®Ÿé¨“ã‚’å§‹ã‚ã‚‹ã‚¤ã‚±ãƒ€åº—é•·ãƒ¤ãƒã„(ç¬‘)
è¢«é¨“è€…ã®AKIRAã®ã•ã‚“ãŒãŠæšã’ã®ç¾å‘³ã•ã‚’çµ¶è³›ã—ã¦ãŸã®ã§å®Ÿé¨“æˆåŠŸï¼Ÿ https://t.co/IIUCsâ€¦",Twitter for iPhone
2018-09-10 08:31:47,"RT @Satoshi68k: ã©ã‚“å…µè¡›ä½œã£ã¦ã‚‹é€”ä¸­ã«ãƒã‚­ãƒ³ãƒ©ãƒ¼ãƒ¡ãƒ³ã‚’è¿½åŠ æŠ•å…¥ã™ã‚‹ãƒ˜ãƒ«ã‚·ãƒ¼ãƒ•ãƒ¼ãƒ‰ã®æ¤œè¨¼ã€‚
ã‚«ã‚¸ãƒ¥ã‚¢ãƒ«ã«ãƒ­ã‚±ãƒ†ã¨ã„ã†åã®äººä½“å®Ÿé¨“ã‚’å§‹ã‚ã‚‹ã‚¤ã‚±ãƒ€åº—é•·ãƒ¤ãƒã„(ç¬‘)
è¢«é¨“è€…ã®AKIRAã®ã•ã‚“ãŒãŠæšã’ã®ç¾å‘³ã•ã‚’çµ¶è³›ã—ã¦ãŸã®ã§å®Ÿé¨“æˆåŠŸï¼Ÿ https://t.co/IIUCsâ€¦",Twitter for Android
2018-09-10 00:16:34,"RT @Satoshi68k: ã©ã‚“å…µè¡›ä½œã£ã¦ã‚‹é€”ä¸­ã«ãƒã‚­ãƒ³ãƒ©ãƒ¼ãƒ¡ãƒ³ã‚’è¿½åŠ æŠ•å…¥ã™ã‚‹ãƒ˜ãƒ«ã‚·ãƒ¼ãƒ•ãƒ¼ãƒ‰ã®æ¤œè¨¼ã€‚
ã‚«ã‚¸ãƒ¥ã‚¢ãƒ«ã«ãƒ­ã‚±ãƒ†ã¨ã„ã†åã®äººä½“å®Ÿé¨“ã‚’å§‹ã‚ã‚‹ã‚¤ã‚±ãƒ€åº—é•·ãƒ¤ãƒã„(ç¬‘)
è¢«é¨“è€…ã®AKIRAã®ã•ã‚“ãŒãŠæšã’ã®ç¾å‘³ã•ã‚’çµ¶è³›ã—ã¦ãŸã®ã§å®Ÿé¨“æˆåŠŸï¼Ÿ https://t.co/IIUCsâ€¦",Janetter for Android
2018-09-09 15:29:53,"RT @Satoshi68k: ã©ã‚“å…µè¡›ä½œã£ã¦ã‚‹é€”ä¸­ã«ãƒã‚­ãƒ³ãƒ©ãƒ¼ãƒ¡ãƒ³ã‚’è¿½åŠ æŠ•å…¥ã™ã‚‹ãƒ˜ãƒ«ã‚·ãƒ¼ãƒ•ãƒ¼ãƒ‰ã®æ¤œè¨¼ã€‚
ã‚«ã‚¸ãƒ¥ã‚¢ãƒ«ã«ãƒ­ã‚±ãƒ†ã¨ã„ã†åã®äººä½“å®Ÿé¨“ã‚’å§‹ã‚ã‚‹ã‚¤ã‚±ãƒ€åº—é•·ãƒ¤ãƒã„(ç¬‘)
è¢«é¨“è€…ã®AKIRAã®ã•ã‚“ãŒãŠæšã’ã®ç¾å‘³ã•ã‚’çµ¶è³›ã—ã¦ãŸã®ã§å®Ÿé¨“æˆåŠŸï¼Ÿ https://t.co/IIUCsâ€¦",Twitter for iPhone
2018-09-08 08:14:11,"That is about IIUM . I citer psl IIUCS ketahuilah usrah termasuk dalam silibus kami. Kalau siapa tak p usrah, no maâ€¦ https://t.co/OCMq5JbFIH",Twitter for Android
2018-08-24 14:06:22,@zahud_ @nrwxhid Jangan lupa cari kat iiucs mesti jumpağŸ˜›,Twitter for Android
2018-08-24 02:41:19,@luqmnhq haha. Relax la man. Bilo balik iiucs,Twitter for Android
2018-08-04 07:01:28,@puterijurainie_ IIUCS tu katne wehh ğŸ˜‚,Twitter for Android
2018-08-01 09:01:12,@natashaamiraaaa @isra_nu @ammarabdurahman @MasyitahAina Samalah. Kuis in malay. Iiucs in english ğŸ˜‚ sama je,Twitter for iPhone
2018-08-01 08:55:34,@natashaamiraaaa @ammarabdurahman @noorsyazwani__ @MasyitahAina IIUCS,Twitter for Android
2018-07-30 07:08:53,IIUC Studies published Vol.14(1) on #BanglaJOL @INASPinfo https://t.co/CoUf1V3HKc https://t.co/cZ763JoAEb,Hootsuite
2018-07-29 10:03:48,IIUC Studies published Vol.13 on #BanglaJOL @INASPinfo https://t.co/jiToqZorHe https://t.co/ASQU0pfEL9,Hootsuite
2018-07-24 11:48:51,"@Syahmi_Paan @amaliabertweet @MuhamadRidzuann @luqmanyamin Satu dunia belum dapat, tengok kalau ada rezeki. Aku dakâ€¦ https://t.co/3hCZc6zm7Z",Twitter for iPhone
2018-07-24 11:44:44,"@Syahmi_Paan @amaliabertweet @MuhamadRidzuann @luqmanyamin Tak payahla kalau sini pun tak lepas. By the way, IIUCSâ€¦ https://t.co/M3CQQd9gvT",Twitter for iPhone
2018-06-25 08:37:00,"Alhamdulillah ğŸŒ· 
IIUCS https://t.co/kq3exVBUmd",Twitter for Android
2018-06-18 17:14:47,"https://t.co/m1ziaq0Qut
Ù„ØºØ© Ø§Ù„Ø¹Ø±Ø¨",Twitter for Android
2018-06-07 15:41:44,IIC ğŸ˜² IIUCS ğŸ˜²tiberrrrrr,Twitter for Android
2018-05-28 15:20:47,"RT @IzneeAzmi99: The best ever drama. 
Pelakon dia pun best. Memang menghayati betul watak yang diorg lakonkan tu.
Tak sabar nak tunggu epiâ€¦",Twitter for iPhone
2018-05-28 15:15:52,"RT @IzneeAzmi99: The best ever drama. 
Pelakon dia pun best. Memang menghayati betul watak yang diorg lakonkan tu.
Tak sabar nak tunggu epiâ€¦",Twitter for Android
2018-05-28 15:14:12,"The best ever drama. 
Pelakon dia pun best. Memang menghayati betul watak yang diorg lakonkan tu.
Tak sabar nak tunâ€¦ https://t.co/ndcOoTE0oe",Twitter for Android
2018-04-09 14:42:40,Hak alah ramai lak dak iiucs ni polo ğŸ• haish sis tak gemar lah ğŸŒ° tashapae shapetah ğŸ˜‘,Twitter for Android
2018-03-30 16:18:27,Road to The First Ever Model UN Conference of IIUCs' History. https://t.co/amB1J9stxM,Facebook
2018-03-18 13:01:00,"IIUCS tu KUIS

Alahai glamour la nme :')",Twitter for Android
2018-02-23 07:54:21,@IsquizitoQueIss Iiucs e,Twitter for Android
2018-02-08 02:19:36,IIUCS â˜¹ï¸â˜¹ï¸â˜¹ï¸â˜¹ï¸,Twitter for iPhone
2018-10-18 17:26:06,"Budak kuis ke..? Hahahaha.. 
#KuisTroll https://t.co/I5SCPHJbfC",Twitter for Android
2018-05-12 17:26:36,@uthaibah94 Hai admin kuistroll ğŸ¤§ğŸ¤§ğŸ¤§,Twitter for iPhone
2018-05-10 07:56:11,"Kuistroll apa khabar? 

Dah checkmate barangkali...",Twitter for Android
